name,address,email,website,phone_number,company,job,text,date_time,country,state,city,pin_code
Tarak Setty,"19/28, Nagy Street, Bhopal 907305",patlaneha@example.com,http://www.gandhi-chad.com/,5407754342,"Badami, Vasa and Dar",Osteopath,Vero eos saepe delectus accusamus. Cum iure ipsum esse velit illo inventore. Dolorem esse hic illo quas porro id.,2025-06-26 03:45:29,Sri Lanka,Bihar,Jehanabad,352016
Eta Lad,"63/367
Dara Street
Ajmer-568267",dalajagoswami@example.net,http://www.pandya-ramanathan.com/,1780351868,Viswanathan-Joshi,"Development worker, international aid",Dignissimos maxime doloremque sunt quos eius aliquid. Earum maxime reprehenderit quae doloribus eaque deserunt. Alias ducimus nobis illum deleniti.,1984-09-03 09:00:36,Jamaica,Tripura,Parbhani,369822
Unni Chand,"233
Dar Circle
Khammam-144731",wjohal@example.net,https://www.sem.biz/,9600696642,"Chaudhari, Radhakrishnan and Nazareth",Medical physicist,"Cum suscipit eveniet adipisci. Illo corporis maiores molestias.
Numquam pariatur cupiditate odit. Sapiente non deleniti harum quis. Est nihil ipsa delectus molestiae optio.",1983-10-07 01:22:44,Australia,Telangana,Gurgaon,194933
Warhi Bansal,"H.No. 864, Saran Street
Korba 802721",dinhardik@example.org,http://www.ganesh.biz/,6382699112,Nadig Inc,"Education officer, museum","Quibusdam neque atque repudiandae laudantium.
Tempore pariatur sint nisi corrupti mollitia porro. Esse rerum quidem itaque vitae repellendus. Pariatur vero neque pariatur harum nam quod.",2024-08-15 01:28:55,Guatemala,Nagaland,Sasaram,231628
Max Lad,"396
Balakrishnan Zila, Dehri 355643",fdada@example.com,https://www.cherian.net/,03798657406,"Keer, Sarna and Ramakrishnan",Teaching laboratory technician,"Dicta ipsum exercitationem ipsa id laudantium. Est deleniti neque architecto.
Voluptatum reiciendis quibusdam possimus quibusdam in numquam. Rem iste occaecati.",2021-02-15 06:34:01,Jamaica,Meghalaya,Hubli–Dharwad,218035
Guneet Sen,"H.No. 96, Buch Nagar, Bidar-650844",sundernachiket@example.org,http://www.bora.com/,5401102104,Tandon-Mand,Ceramics designer,"Fugit fuga velit commodi optio. Corrupti nam tempore similique aliquam ullam. Voluptatem maiores incidunt voluptatibus ab veniam.
A fugit eos sint eum consequatur.",1992-04-16 16:28:17,Haiti,Arunachal Pradesh,Sirsa,500704
Yagnesh Mutti,"59/38
Buch Marg, Gudivada 136127",pavanibalan@example.org,http://chand-nanda.com/,00903010486,"Khare, Sridhar and Sule",Production engineer,Nisi facere earum voluptas. Animi repellat dolor dignissimos amet tempore. Quae officiis quasi vero repellendus quod deleniti.,2020-03-14 03:09:35,Sierra Leone,Madhya Pradesh,Amravati,785057
Barkha Narasimhan,"62
D’Alia Road
Pali 923285",sachararya@example.org,http://www.mital-sunder.com/,8652828308,"Kunda, Pingle and Barman",Teaching laboratory technician,Soluta veniam quia ratione. Eos sunt officiis explicabo hic.,1976-03-15 11:53:16,Burkina Faso,Kerala,Karimnagar,771656
Aishani Garg,"38/447, Mukhopadhyay Street, Rampur-945139",keerayaan@example.net,http://bakshi-dar.info/,+910682103351,Saxena-Ratta,Clinical molecular geneticist,"Suscipit quae illum minus. Repellendus eaque mollitia excepturi. Culpa provident temporibus odit necessitatibus cum.
Fugit reprehenderit suscipit dolorum aut corrupti. Expedita quam ipsum sunt animi.",1975-06-01 09:30:30,Hungary,Meghalaya,Hubli–Dharwad,097780
Gunbir Deshpande,"32/133
Dyal Street, Aizawl-819345",anamika64@example.com,http://nayar.net/,3333591003,Sarin and Sons,"Research officer, trade union",Debitis quaerat est adipisci facilis ipsum debitis illo. Quaerat voluptate dolorum odio aliquid.,2008-03-29 20:07:09,Uzbekistan,Jharkhand,Barasat,232465
Girik Kala,"H.No. 55, Nayak Chowk
Katihar 609549",rameshekiya@example.org,http://www.thaker.com/,+913388775862,Narayanan-Das,Licensed conveyancer,"Nihil deserunt architecto hic vel iure. Quasi sunt eum. Cupiditate eligendi dolores.
Illum est magni rem quas. Voluptas dolorum nesciunt assumenda quasi tempore voluptatum.",2021-01-27 10:25:53,Benin,Punjab,Barasat,989816
Oni Varughese,"57, Gokhale Street
Chandrapur 768015",anneazad@example.net,https://nagar.net/,4033181854,Subramanian-Randhawa,Therapeutic radiographer,"Architecto ad voluptas omnis enim necessitatibus. Error impedit consequuntur atque deleniti.
Eius ut laboriosam sapiente iste exercitationem et.",1999-10-12 07:18:26,Japan,Mizoram,Raebareli,027213
Yochana Bal,"H.No. 205, Kakar
Pimpri-Chinchwad 883931",manderabhiram@example.org,http://agrawal.biz/,0943379102,"Ray, Mani and Sundaram","Engineer, manufacturing systems","Quidem ab eos veniam. Ducimus quis consequatur inventore aperiam.
Nostrum facere cum dicta. Maiores tempora reprehenderit odio quisquam laudantium incidunt distinctio.",2006-07-29 17:33:45,Mongolia,Punjab,Ambala,505667
Wriddhish Sachdeva,"56/393
Oza Ganj
Shimla 661913",ira89@example.net,http://varma.com/,1213015399,Sekhon-Dutt,Health physicist,Esse cupiditate totam iusto in in impedit asperiores. Odit molestiae voluptatum. Eligendi ab nobis excepturi provident laudantium deserunt ad.,2023-04-22 07:20:39,Austria,Haryana,Firozabad,487180
Chanchal Bumb,"41/943, Ravel Road, Barasat 716896",fmadan@example.net,https://mann-setty.com/,+914421720077,"Ghosh, Naidu and Vohra",Careers adviser,"Tempora laborum atque doloremque consequuntur recusandae. Aspernatur porro sunt.
Ut aliquid vel excepturi nobis. Adipisci porro sint. Inventore vero dolor expedita reiciendis nisi.",1983-02-09 18:40:03,Botswana,Tripura,Tadepalligudem,208222
Balendra Batta,"20/79, Sur Nagar, Imphal-072373",lmohan@example.com,http://krishnan.biz/,2985999015,"Dalal, Batra and Goyal",Product designer,"Qui amet impedit animi. Nulla dolore unde reiciendis.
Dicta quisquam fuga ratione sequi quibusdam. Eos quae quos corrupti nesciunt amet culpa.",2019-08-14 00:07:44,Kyrgyzstan,Karnataka,Solapur,886824
Alexander Vora,"84, Ghosh Ganj
Bikaner 140131",turvi09@example.org,http://mani.com/,05238854655,Naidu Group,Cabin crew,Adipisci incidunt animi aliquam aliquid. Est ea libero eaque quaerat reprehenderit.,2011-11-27 11:55:55,Turkmenistan,Haryana,Srikakulam,679678
Gaurav Sarna,"199
Nori Marg
Kozhikode-165733",lavanyayadav@example.com,https://www.venkataraman.com/,8109528263,"Karan, Sodhi and Khare",Clinical molecular geneticist,Facilis maiores magnam voluptas aspernatur vel. Quidem nobis nemo ab commodi cumque nobis. Repudiandae totam dolore adipisci odit perferendis labore.,1989-10-15 09:35:35,Saint Vincent and the Grenadines,Himachal Pradesh,Durgapur,645074
Imaran Dani,"H.No. 161
Mammen
Junagadh-671716",nachiketrau@example.org,http://www.nagi.info/,+913751832033,"Balakrishnan, Varghese and Baral",Geophysical data processor,Esse blanditiis quasi facere quae occaecati ratione consectetur. Quae rem veritatis quae accusamus magni at velit.,2006-12-20 03:12:14,Guinea-Bissau,Chhattisgarh,Karnal,626690
Oni Korpal,"23/301, Lala Marg
Suryapet 810672",zayan78@example.net,http://www.apte.biz/,07244030211,Dhaliwal LLC,Ecologist,Perspiciatis quia aperiam itaque nemo incidunt. Blanditiis eligendi reiciendis accusantium illo iure voluptates.,2015-01-13 00:43:40,Slovenia,Meghalaya,Siliguri,598883
Madhavi Trivedi,"67/288, Bakshi Circle
Naihati 614720",madhavisahni@example.net,https://www.khosla-hegde.com/,+914592414476,Sant LLC,IT trainer,Enim dignissimos molestias quisquam tempore. Cum fuga deserunt nam pariatur tenetur quis cumque. Libero quod omnis exercitationem voluptates voluptas ducimus.,2009-03-25 20:40:43,Australia,Rajasthan,Chinsurah,432849
Abeer Gera,"612, Dhawan Chowk
Hapur 741718",bhattabhiram@example.net,http://www.kaur.com/,+912108526053,Atwal-Thaker,"Therapist, nutritional",Iste recusandae voluptatum dicta animi veniam. Reprehenderit ipsam dolor voluptates ipsam dolore. Reiciendis sunt consequuntur ad ratione dignissimos dolores.,1977-04-11 07:41:45,Belize,Manipur,Tirunelveli,327709
Patrick Chander,"86/311, Venkataraman Road
Kirari Suleman Nagar 742817",mcheema@example.com,http://baral.com/,00945495129,Pai LLC,Production manager,"Quia necessitatibus quidem perspiciatis. Voluptatem beatae a inventore minus.
Tempora reprehenderit recusandae. Quia ab nesciunt velit. Praesentium non sed necessitatibus.",1975-01-28 09:29:19,Switzerland,Maharashtra,Ghaziabad,023852
Dayita Banerjee,"H.No. 551
Narang Nagar, Bhind-551668",dbalan@example.com,http://www.gole.com/,8742646259,"Sharaf, Sha and Kuruvilla",Adult guidance worker,Temporibus rem aperiam beatae dolores assumenda. Accusantium assumenda neque enim maiores.,1987-10-27 19:25:30,Federated States of Micronesia,Bihar,Kota,419567
Raagini Hayre,"49/231, Desai, Bhagalpur 042124",puppal@example.com,http://golla-chaudhary.com/,01120206393,"Borah, Agarwal and Ray",Retail manager,"Totam veritatis deserunt error autem. Illum veniam beatae reprehenderit possimus non.
Sed similique quibusdam nihil nesciunt incidunt perspiciatis. Error aliquid laudantium.",1995-02-12 00:00:08,Montenegro,Maharashtra,Amravati,690839
Damyanti Dutta,"64, Balakrishnan Marg, Etawah-699386",sara85@example.com,http://www.bhalla.net/,1406124036,"Dutta, Munshi and Barad",Camera operator,Officiis nihil inventore nihil esse architecto. Quos dignissimos doloremque unde laborum animi vitae. Quo sint molestias.,1985-03-05 03:54:55,El Salvador,Assam,Ambarnath,856768
Bhanumati Din,"160, Bala Chowk, Noida 205672",braj@example.org,https://anne.biz/,7709137773,Trivedi LLC,"Conservator, furniture",Saepe dolore alias ea eius. Ducimus tempore deleniti quisquam suscipit exercitationem. Nesciunt necessitatibus placeat amet quibusdam.,2007-10-14 12:03:57,Palestine,Andhra Pradesh,Guntur,266927
Damini Dixit,"57
Agate Nagar, Secunderabad-793703",memonnathaniel@example.org,https://zacharia-aggarwal.com/,+917703267025,Tara-Luthra,Chief Technology Officer,"Aspernatur hic dignissimos qui.
Distinctio modi recusandae perspiciatis necessitatibus maiores assumenda. Cum incidunt soluta. Provident mollitia ea aliquam.",2008-08-15 13:24:00,Denmark,Sikkim,Kharagpur,664364
Nandini Joshi,"329, Mitter Marg, Rajahmundry-532937",kallareva@example.com,http://www.biswas-chowdhury.info/,08814072172,"Misra, Sengupta and Choudhry",Associate Professor,"Libero commodi eveniet soluta iusto laboriosam. Molestias voluptatum ex ipsa.
Iure asperiores quisquam eaque nisi molestias quisquam alias. Alias cum in voluptatem perferendis qui.",1997-12-18 09:13:11,Namibia,Meghalaya,Patna,056886
Kai Soman,"09/123, Dara Marg, Giridih-107492",avnighosh@example.net,http://swaminathan.org/,9575412994,Devi-Ganguly,Electronics engineer,"Sed quibusdam harum quos in. Dolorem quaerat dignissimos quaerat incidunt nihil quo autem.
Id aut error saepe possimus ex. Quibusdam odit blanditiis maiores.",1990-08-12 06:40:16,Palau,Tamil Nadu,Mahbubnagar,138107
Udarsh Kapoor,"32/227, Khare Marg
Bardhaman-317578",barkhasubramanian@example.net,http://www.panchal.com/,7035086619,Patil-Rout,Medical illustrator,Cumque exercitationem soluta id voluptas aspernatur minus aspernatur. Voluptate possimus omnis maiores placeat suscipit laborum praesentium. Illum voluptatibus nobis rerum. Dolorem alias vel ex.,2011-12-09 20:28:19,Federated States of Micronesia,Odisha,Katni,982358
Aishani Sarna,"454
Issac Nagar, Jodhpur 882263",mmanda@example.net,http://www.amble-warrior.com/,+916572906916,Manne-Kashyap,Hydrogeologist,"Vel maiores ex tempora. Adipisci beatae quae harum at. Optio magnam esse in itaque.
Eveniet quo iusto fugiat necessitatibus quo ducimus quo. Velit hic cumque eligendi error.",2014-07-14 21:14:21,Russia,Manipur,Davanagere,785532
Barkha Barad,"H.No. 66, Muni Path, Bihar Sharif 034923",suraaditya@example.org,http://raju-pall.net/,03620835259,Nadkarni-Uppal,"Teacher, adult education","Totam voluptates consequuntur adipisci non quasi. Expedita optio reprehenderit quisquam sunt dolores.
Reprehenderit laboriosam sit aliquid. Quas enim quasi.",2000-05-10 04:07:30,Libya,Tamil Nadu,Chinsurah,323354
Bhavini Khare,"43/89, Dave Chowk
Kota 205971",urishillalad@example.net,https://ahuja-mital.com/,5215262385,Sathe and Sons,Advertising account executive,"Excepturi repudiandae dolor ad amet. Necessitatibus impedit ab ratione voluptates temporibus dolor.
Voluptate magni soluta quo a eveniet. Odit ad dignissimos ut esse. Nemo recusandae velit.",2003-03-27 04:26:40,Iceland,Mizoram,Chittoor,033080
Yasti Sahota,"44/382
Rajan Ganj
Tirunelveli-608664",warjas08@example.org,https://misra.net/,4877449357,Jaggi-Lalla,Airline pilot,Sunt vitae modi porro at neque. Ea earum omnis saepe unde cupiditate delectus rem. Cum quidem fugiat alias.,1988-10-26 01:25:12,Moldova,Rajasthan,Deoghar,044840
Finn Jhaveri,"74
Venkatesh Ganj, Begusarai-612703",champaksinghal@example.org,https://behl.com/,9053207515,Oak-Parsa,Planning and development surveyor,Consectetur consequuntur tempore harum officiis perspiciatis. Suscipit laboriosam dolore totam. Voluptatum hic deserunt molestiae nesciunt.,1995-01-20 13:28:44,Georgia,Jharkhand,Guwahati,658538
Mugdha Edwin,"H.No. 654
Dugar Path
Allahabad 046948",madhavratta@example.org,http://www.garg-dugar.com/,09091939437,Virk and Sons,Trade mark attorney,"Placeat odio tempora ad voluptatibus. Eaque quisquam adipisci molestias eligendi perferendis.
Nostrum inventore laboriosam non officiis. Ut sapiente facere veniam accusamus delectus.",2005-06-29 13:54:20,Bhutan,West Bengal,Ujjain,123535
Max Nath,"494, Krish Street, Bhiwani 100257",idada@example.com,https://dhar.com/,07555177789,Gopal PLC,Chief Strategy Officer,"Magni eaque suscipit. Adipisci autem modi modi provident eos.
Qui consequatur quisquam sed. Odit pariatur dolorem consequatur totam inventore.",2023-07-04 22:57:38,Finland,Nagaland,Thiruvananthapuram,443899
Ekalinga Chandran,"78/24
Chad Path
Amroha-117842",leenamangal@example.com,https://mody.com/,+917571969346,"Jaggi, Goel and Gara",Trading standards officer,"Quasi omnis velit ea iste ea. Labore quidem beatae minima. Mollitia expedita doloremque.
Esse maiores qui voluptatibus. Rem delectus quasi nam fuga sequi numquam.",1990-03-01 07:57:52,Czech Republic,Mizoram,Amritsar,616316
Maya Chadha,"54, Mall Road, New Delhi 980930",varshabehl@example.com,http://swaminathan.com/,+912148801989,Gandhi LLC,"Engineer, broadcasting (operations)","Quisquam temporibus voluptas commodi temporibus ea. Hic minus eligendi nam.
Voluptate ducimus minus eveniet officia numquam. Occaecati temporibus iure. Quaerat fugit amet debitis praesentium debitis.",2019-06-29 23:55:07,Poland,Kerala,Adoni,770159
Ati Rajagopal,"H.No. 566
Gala Road, Guntakal-657686",qratta@example.com,http://barad-babu.com/,03204222452,Bhakta Ltd,Publishing rights manager,Impedit accusantium ad maxime atque. Explicabo numquam aut nisi. Explicabo cumque eaque nulla. Totam eos nulla iusto maxime enim quaerat.,1992-08-08 14:49:57,Kuwait,Manipur,Burhanpur,303576
Jeevika Kamdar,"25
Mane Marg
Thrissur-125840",bhardwajnakul@example.com,https://rout.com/,+918541059999,"Gaba, Cherian and Mitter",Records manager,"Facilis esse ex ad laudantium. Atque odio beatae omnis explicabo magni. Saepe tempore velit tenetur.
Ea assumenda optio nemo dolor temporibus nostrum. Iusto consequuntur cumque nihil.",1996-01-18 18:00:07,United Kingdom,Andhra Pradesh,Alwar,265517
Jagat Kota,"24/45, Khatri
Bulandshahr 524960",champak15@example.org,http://www.gade.org/,0453737332,Balay-Wason,"Scientist, biomedical",Illo explicabo ullam consequuntur dicta totam fuga rerum. Velit provident delectus dolorum optio. Nisi aperiam ex quam. Odio alias repellat.,2017-11-21 21:28:12,Japan,Meghalaya,Tiruvottiyur,398768
Ekavir Pant,"72/23
Chander Nagar
Rajpur Sonarpur-568410",chandreshroy@example.org,https://www.naidu.org/,+919786300458,Palla Inc,Homeopath,Repudiandae facere animi placeat. Eos nobis sunt maiores. Beatae totam voluptate placeat similique quam totam.,1999-08-07 10:50:32,Greece,Mizoram,Miryalaguda,435265
William Nagi,"H.No. 802, Prakash Road
Morbi 703192",chauhanbhavini@example.org,https://www.patla.com/,+914964846771,"Dara, Joshi and Shukla",Acupuncturist,Magni qui ullam eveniet officia quis. Illum incidunt ex fugit officiis. Ratione impedit quo rem asperiores exercitationem.,2002-08-15 09:13:49,Ethiopia,Punjab,Chinsurah,785253
Shravya Kadakia,"710
Kant Circle
Bareilly 873176",raumichael@example.org,http://www.dhillon.com/,08043659744,Patla-Patel,Animator,"Dignissimos voluptates quisquam esse sit. Maxime earum eum repellat.
Rem a reiciendis. Quo labore aliquam voluptatem temporibus dolor repellat est. Nobis quam fugit voluptatem odio dolor.",2011-10-23 16:52:48,Singapore,Andhra Pradesh,Vijayanagaram,572043
Lucky Solanki,"75/91, Luthra Street, Bettiah-897623",dev28@example.org,http://www.kata.biz/,05681670624,Naidu-Sastry,Financial planner,Assumenda nemo vitae ullam. Est libero voluptate eaque magnam modi. Laboriosam beatae minima aspernatur laboriosam modi ex. Sint perspiciatis enim vero soluta debitis maxime.,2017-07-16 03:41:11,Finland,Chhattisgarh,Solapur,596158
Kalpit Memon,"13, Pall Marg, Faridabad-546294",ridhi82@example.com,http://www.kale-gole.com/,6339973886,"Rajagopal, Gour and Vora",Editorial assistant,"Odio soluta ut. Impedit reprehenderit natus repellat cum ut earum eum.
Sit eligendi magnam ad iste expedita.",2010-03-04 19:59:44,Angola,West Bengal,Morena,409935
Meghana Palla,"352
Gupta Road
Ramgarh-388973",jeremiahraghavan@example.com,http://sastry.com/,1148930227,"Bali, Oak and Rama",Museum education officer,Quis animi odit ea consequuntur nemo facilis. Perspiciatis occaecati molestiae cupiditate. Veritatis molestias perspiciatis voluptatibus. Quam eius recusandae pariatur iste ea.,2014-12-04 23:14:54,Lithuania,Mizoram,Hazaribagh,969965
Zaid Kurian,"H.No. 56, Deshmukh Marg, Bidhannagar-444416",dhruv31@example.com,http://www.acharya-choudhary.com/,+912196584540,Lad-Lad,Press sub,Officia officiis in magnam quibusdam quibusdam. Qui veniam officia deserunt reprehenderit vero repudiandae. Ipsa numquam omnis beatae.,2020-10-13 09:50:05,Angola,Sikkim,Rewa,032852
Jason Arora,"H.No. 214, Koshy
Durg 238624",hchauhan@example.net,http://www.bhakta-wali.org/,+919399649877,Bora PLC,"Civil engineer, contracting",Libero nobis a deserunt beatae unde. Sapiente dignissimos tempora nostrum reiciendis at aperiam.,1994-08-14 14:26:22,Myanmar,Bihar,Pimpri-Chinchwad,021016
Maanav Raja,"55
Muni Zila
Tezpur 826140",gdatta@example.com,http://sunder-pant.com/,+911028854085,Bal PLC,International aid/development worker,Recusandae dolore autem ad odio tenetur nihil. Deserunt expedita in possimus placeat vero libero. Voluptatem at provident.,1976-07-21 19:00:22,Bolivia,Odisha,Dehradun,788100
Kala Sahota,"H.No. 008
Thaman Circle, Jhansi-243387",gopal57@example.net,https://www.varma-murty.org/,2524995516,Shukla Group,Charity fundraiser,Sit quam quos labore aliquam saepe libero. Repudiandae voluptatem doloribus numquam voluptas non. At fuga ipsa quae quos labore voluptate.,2018-08-14 09:27:08,Mauritius,Assam,Rohtak,132000
Warhi Modi,"H.No. 79, Handa Road
Durg 946122",zseshadri@example.com,http://www.saraf.com/,+916550866574,"Warrior, Mammen and Andra",Fish farm manager,Exercitationem expedita suscipit magnam eaque molestiae. Deleniti porro commodi sed quis.,2013-07-06 06:03:21,Iran,Punjab,Unnao,172403
Oscar Bandi,"60/750
Prashad Ganj, New Delhi-503148",bhavikalanka@example.com,http://maharaj.com/,03003106380,"Narasimhan, Wali and Chaudhuri",Minerals surveyor,"Deserunt nam necessitatibus fuga aut repellat.
Et cupiditate ipsa ad repudiandae fuga. Corporis ullam earum.
Incidunt atque impedit. Quibusdam autem nisi illum distinctio.",1996-12-16 16:09:52,Samoa,Odisha,Pudukkottai,186377
Alka Raman,"06, Kalla Nagar
Burhanpur 500494",ganesanpooja@example.org,https://tara.com/,00840419722,Anand LLC,Barrister,Maxime neque repudiandae ratione dolor vero. Eligendi at sequi nisi possimus.,2007-05-08 12:27:24,Trinidad and Tobago,Karnataka,Pimpri-Chinchwad,760906
Ikbal Pant,"H.No. 950, Narayan Circle
Katihar-723461",ymitra@example.org,https://www.kale-wable.info/,8649110983,Dasgupta Group,Product manager,"Cum molestiae illo excepturi sit. Magni sed maiores esse eius error eius incidunt. Quos minus eaque quos debitis nobis ad.
Assumenda ratione accusamus veritatis.",2007-10-06 08:07:14,Burundi,Himachal Pradesh,Narasaraopet,398739
Shravya Desai,"33
Doshi Chowk, Panihati-284816",fhalder@example.org,http://sarkar-pradhan.biz/,+912706639611,Salvi-Brahmbhatt,"Scientist, research (life sciences)","Iure dicta a. Culpa optio fugit praesentium. Magni repudiandae odit provident tempora.
Omnis officia magni ad dignissimos perspiciatis.",1975-09-07 14:26:29,Benin,Rajasthan,Uluberia,969083
Lipika Master,"57
Guha Street
Haldia 696042",inaya29@example.org,http://grewal-venkataraman.com/,0789865977,Majumdar LLC,Homeopath,"Numquam temporibus debitis. Laboriosam ab quaerat hic officiis eum aliquam.
Deleniti magni beatae vitae voluptate dicta non. Deleniti totam in deserunt impedit est.",1999-05-30 05:38:01,Democratic Republic of the Congo,Arunachal Pradesh,Ramgarh,637106
Amaira Menon,"H.No. 368
Mander Marg, Bhimavaram-309198",doshiupkaar@example.org,https://www.bail.org/,3291588961,Char-Ramesh,"Designer, exhibition/display",Incidunt explicabo id et quidem cumque esse recusandae. Officiis itaque sunt corporis architecto similique quisquam. Laboriosam atque eveniet consequuntur.,2006-03-14 09:26:44,Republic of the Congo,Uttar Pradesh,Chinsurah,055495
Warda Prabhu,"H.No. 901
Shanker Path, Jabalpur-740397",vrishtivarma@example.org,http://gopal-tiwari.com/,+915326867354,Mutti-Oommen,Pharmacologist,"Quis cum ipsa praesentium. Quo eligendi ad cupiditate consequatur omnis qui natus. Unde totam beatae pariatur itaque cumque.
Inventore alias suscipit voluptatum suscipit ut amet. Aut rerum sed id.",1993-09-01 13:52:15,Australia,Manipur,Tiruvottiyur,345760
Zaid Nori,"H.No. 74, Cheema Chowk, Aurangabad 850619",ldatta@example.org,http://www.bhatt-venkatesh.com/,00667933025,Das-Lala,Speech and language therapist,"Aut recusandae consequuntur nostrum voluptate. Nesciunt ab aut assumenda fuga. Quia quia amet quasi.
Sed nostrum modi magni temporibus in. Tempore numquam incidunt dolorem.",1970-10-22 14:55:56,Turkmenistan,Andhra Pradesh,Panihati,008521
Kashvi Sachdev,"66/28, Vasa Road
Ambattur-231816",gkapadia@example.net,http://www.edwin.com/,5713518480,Sarkar and Sons,Animal nutritionist,"Harum consequatur molestias laborum non possimus possimus. Exercitationem sequi neque voluptatibus nobis.
Delectus veniam dicta officiis quaerat. Dolores a placeat sequi magni sunt et.",2016-05-19 19:26:24,Poland,Kerala,Machilipatnam,414269
Manya Borde,"H.No. 932, Gandhi Ganj, Nagercoil-893423",karanarya@example.net,https://www.mand-kadakia.org/,+915693907880,"Bajaj, Hayer and Narayanan",Multimedia programmer,Necessitatibus voluptas praesentium in maxime quos. Reprehenderit tempore nemo recusandae. Dolore vel labore eligendi ipsum doloremque dolores. Minus sit in in placeat.,1973-06-16 07:09:24,Brazil,Rajasthan,Thanjavur,493610
Jackson Kothari,"H.No. 43, Rau Circle
Raiganj-325661",okala@example.org,https://balan.biz/,6282357429,"Andra, Kulkarni and Yogi",Air traffic controller,"Officiis et ad et occaecati cumque. Tempore accusantium assumenda veniam dolores deleniti hic.
Illum distinctio perferendis quos. Aspernatur distinctio necessitatibus veritatis.",1990-03-16 16:14:04,East Timor,Telangana,Belgaum,084434
Radha Chaudhari,"64, Prabhakar Road
Meerut-905430",deshpandeyoshita@example.net,https://www.thakur.com/,+914240703462,Dewan-Borde,Theatre director,Perspiciatis perferendis dolorem quo ipsam illum. Quis harum libero culpa magnam vitae neque. Fuga ipsa perferendis odio quibusdam beatae deleniti.,1996-07-22 10:45:31,Morocco,Sikkim,Gangtok,380690
Daniel Chakraborty,"H.No. 15, Srinivas Nagar
Kharagpur-947788",ndixit@example.net,http://nagi.net/,05885870468,Gopal Inc,Comptroller,Sunt accusantium quos iure eum distinctio alias. Asperiores dicta deserunt temporibus recusandae quas illum. Suscipit quo ex vero magnam ipsum.,2013-05-16 21:28:51,Pakistan,Haryana,Ahmedabad,519283
Kavya Khanna,"H.No. 21, Sha Ganj
Bulandshahr 223540",urvivarughese@example.net,http://grewal-subramaniam.com/,+912830925709,Ahluwalia-Bala,"Surveyor, minerals","Odit numquam voluptatum perspiciatis totam. Rem provident dolorum eveniet quibusdam.
Eos quia iure expedita aut porro accusamus.",1998-11-07 20:07:17,Armenia,Arunachal Pradesh,Ambarnath,940400
Lopa Bhatt,"H.No. 118
Raj, Mumbai-260078",pallavi43@example.org,https://pradhan.org/,+910851076870,Barad and Sons,"Geologist, wellsite",Similique iste consequatur itaque dicta minima. Mollitia sed deleniti quibusdam omnis. Sint dolore cupiditate hic repudiandae quam aut.,1997-12-22 16:06:42,Mozambique,West Bengal,Surendranagar Dudhrej,192180
Noah Choudhry,"632, Sarkar Marg, Amritsar-658326",sdeo@example.com,http://jaggi-mand.biz/,04695442440,"Bhasin, Divan and Mishra",Volunteer coordinator,Suscipit iste neque necessitatibus aspernatur sint eos. Molestiae minus ex cupiditate itaque. Quam fugiat ipsa ipsam debitis.,1982-06-03 05:20:02,United Kingdom,Bihar,Kozhikode,135177
Ekansh Garg,"01/753, Rajagopal Path
Kozhikode-777397",iramakrishnan@example.com,https://www.gera.com/,+916351993488,"Lall, Nair and Pingle",Intelligence analyst,"Voluptatibus minima fugiat molestiae nemo ipsam.
Nobis cum dolorem est. Omnis ipsa veritatis distinctio laborum voluptatum. Corporis laborum quae sunt. Soluta animi sapiente.",1983-08-18 11:23:00,Cameroon,Tripura,Vijayawada,096767
Yashasvi Prasad,"659, Sunder Circle
Ambala 838925",hahluwalia@example.com,http://www.seshadri-lad.biz/,06514544794,Chakrabarti Ltd,Sports administrator,Architecto nihil commodi ut. Ad quaerat dolorem inventore perspiciatis doloremque enim. Unde ducimus quibusdam atque.,1993-08-07 16:41:13,Bhutan,Himachal Pradesh,Surat,571846
Keya Nagi,"11, More
Hosur-059433",pranitjoshi@example.org,http://tak.com/,02214847518,Pingle Ltd,"Horticulturist, commercial","Iusto nulla perferendis temporibus. Eius aperiam at quam magnam laborum.
Quidem ad cum in vero ab. Id fugit autem corporis dicta pariatur.",1979-01-25 08:46:20,Czech Republic,Chhattisgarh,Kumbakonam,194274
Ekiya Vig,"H.No. 624
Chowdhury Nagar
Medininagar-403635",kulkarnianamika@example.org,http://www.pathak.com/,05694182948,"Agarwal, Chaudhary and Mishra",Educational psychologist,"Quibusdam rerum saepe id sed ipsum harum natus. Dolorem voluptatibus quaerat nesciunt.
Blanditiis delectus reiciendis autem. Aspernatur est eaque accusamus quia laborum.",2012-12-30 17:52:37,Myanmar,Sikkim,Buxar,047537
Anita Kale,"713, Bhattacharyya Zila, Patna 192994",fbedi@example.com,https://www.ghose.com/,04810107540,"Ganguly, Chokshi and Amble","Scientist, research (medical)",Consequuntur vitae quos ex aliquid delectus quam. Eius vitae maxime architecto ex.,1987-11-10 08:38:02,Sudan,Madhya Pradesh,Bidar,442868
Logan Sahni,"94/09, Bali Zila
Tumkur-195150",bavaanirudh@example.com,https://gokhale-trivedi.com/,+916637318995,Dugar-Behl,Pension scheme manager,Facere dolor dolorem eligendi suscipit aut quo. Animi quibusdam dicta consequatur nam doloribus quo ratione. Molestiae assumenda voluptatem nihil.,2008-09-22 13:21:13,Belize,Madhya Pradesh,Dhanbad,647003
Sara Wason,"H.No. 46, Dua Circle
Aizawl 211341",sawhneytamanna@example.com,https://srivastava.com/,6493468135,Basu Inc,Quantity surveyor,Neque voluptatem odit doloremque magni non ipsam. Occaecati dolor aperiam cupiditate.,1981-09-07 06:38:14,Liberia,Karnataka,Ulhasnagar,449334
Zilmil Dara,"620, Salvi
Bikaner 229720",gautam54@example.net,http://www.pai.com/,+912879549357,Mangat Ltd,Financial manager,"Error dolor corrupti qui vel ducimus doloribus. Eos magnam beatae illo.
Fuga eligendi modi atque dignissimos delectus voluptate. Minus hic harum iste alias consequuntur consectetur deleniti.",1996-10-08 08:14:27,United States,Meghalaya,Bharatpur,502973
Jagdish Chawla,"H.No. 42
Bora Street, Guntur-077199",ethan26@example.com,https://www.kara.info/,01951057830,Bhatti-Gala,"Geologist, engineering",Beatae ullam ipsam voluptatum distinctio. Magni corrupti dicta similique laudantium. Possimus quibusdam occaecati commodi cupiditate aspernatur corrupti.,1976-10-26 12:56:52,Angola,Maharashtra,Serampore,121280
Advaith Thakkar,"48/98
Ratti Street, Khammam 935211",ysanghvi@example.com,https://www.koshy.com/,03222634969,"Prashad, Khurana and Divan",Financial trader,Natus voluptatem cumque porro voluptates. Similique rem quidem autem assumenda tenetur. Iusto cumque consequuntur temporibus consectetur nulla sit expedita.,1990-06-06 02:56:54,Costa Rica,Bihar,Maheshtala,988964
Chaitaly Luthra,"49
Bains Circle, Kalyan-Dombivli-798012",cmittal@example.org,https://www.samra-kothari.com/,07264705370,"Banerjee, Agate and Aggarwal",Production manager,Earum voluptatum eos sunt tempore ratione. Eos nesciunt aspernatur pariatur.,1971-09-25 17:10:24,Saint Vincent and the Grenadines,Jharkhand,Arrah,209531
Ishani Garg,"H.No. 911
Sethi, Jalandhar 632907",davetejas@example.net,https://www.bahri.com/,+916829276133,"Bera, Sibal and Krish","Doctor, hospital",Laboriosam suscipit deserunt in fugit quidem laborum. Itaque nihil id corporis voluptates magni. Iste officia sint ut. Minima illo aspernatur error illo.,2018-12-28 06:30:30,Sweden,Tripura,Hapur,822026
Ishita Singh,"H.No. 838
Bhatnagar Circle, Adoni-143806",jacob03@example.com,https://www.kade.com/,3263320785,Bhasin Ltd,"Education officer, community","Ipsam temporibus nam. Perferendis amet suscipit sapiente.
Repellendus facilis consequuntur debitis officiis. Soluta suscipit ab porro.",1982-11-22 18:32:39,Myanmar,Jharkhand,Aurangabad,681663
Ishwar Sangha,"56/50, Narasimhan Nagar, Vijayawada-625844",obanik@example.com,http://sathe.net/,08394590294,"Chaudhary, Kanda and Agate",Adult nurse,Cumque laboriosam reiciendis doloremque vero at consectetur quam. Architecto ratione id nulla accusantium iusto.,1984-02-13 11:33:38,Monaco,Karnataka,Machilipatnam,598794
Anmol Bora,"48
Badami Nagar, Tadepalligudem-888445",rachit55@example.org,https://bansal-mukherjee.com/,+913708222459,Ranganathan-Devan,Therapeutic radiographer,"Non quae quam vel consequuntur saepe tenetur. Sed tenetur quam sapiente atque quisquam eius.
Ut corrupti accusamus. Saepe eius veniam cupiditate aliquam. Repellat eos aliquam.",2009-03-14 03:49:58,Democratic Republic of the Congo,Tamil Nadu,Kalyan-Dombivli,839154
Omkaar Rajan,"49, Ram Chowk
Udupi 094574",damyantinarang@example.org,http://www.palla.net/,+916790707794,Sridhar-Malhotra,Brewing technologist,Voluptas autem ut ullam assumenda animi eaque. Consequuntur inventore repellat animi dicta. Blanditiis cupiditate tempore voluptate numquam. Dignissimos animi praesentium.,2021-03-14 20:36:41,Uganda,Haryana,Khora ,642811
Ekantika Pillay,"535
Chandra Zila
Hazaribagh-405851",onarayanan@example.org,https://www.bora.net/,+914825959841,Bakshi LLC,"Conservator, furniture","Cum vitae a voluptatibus eaque. Totam similique voluptas temporibus repudiandae.
Iusto exercitationem hic occaecati. Iusto atque natus voluptatibus. Ipsam illo ipsam magni nam.",1987-06-29 02:37:29,Cuba,Bihar,Jhansi,818946
Caleb Mani,"44, Kata Zila
Tirupati 115502",saanvi10@example.net,https://www.wali.com/,8767587670,Nayak Group,Tax inspector,"Aspernatur repellat earum voluptatibus dicta. Aperiam quisquam illo hic odio quasi at.
Voluptate dolore sequi voluptas labore adipisci praesentium. Cupiditate magnam nesciunt asperiores esse.",2011-09-19 03:01:01,Italy,Meghalaya,Jorhat,731012
Praneel Chakraborty,"703, Ganguly Zila
Thrissur 933979",sodhieshana@example.com,https://swaminathan-kala.com/,04841468712,"Barman, Manne and Thakkar",Risk manager,Et aspernatur nihil placeat. Nesciunt dignissimos eius vero voluptate. Hic pariatur atque itaque sapiente.,2007-11-11 07:02:08,Jamaica,Uttar Pradesh,Bhusawal,732919
Leela Maharaj,"H.No. 13, Krishnamurthy Road
Tadipatri-642938",chandrankhosla@example.org,https://www.raval-goel.com/,6004238072,Din LLC,Forensic psychologist,"Maxime occaecati dolore ea. Fugiat eius accusantium soluta totam.
Voluptates tempora possimus. Odio sint maiores voluptas facilis. Quia libero error corporis saepe atque sit.",1979-07-28 06:56:45,South Korea,Uttar Pradesh,Narasaraopet,390935
Ijaya Dave,"32, Balan Marg, Phagwara 577817",paldiya@example.org,http://randhawa-sodhi.biz/,+912433786728,Srinivasan Group,Information officer,Quae perspiciatis optio libero hic tenetur. Corrupti amet nulla rerum eligendi quis nisi quia. Enim expedita ullam saepe ipsum. Illum tempora ad ratione saepe fugiat.,1970-06-11 18:01:43,Iran,Kerala,Cuttack,116575
Osha Basu,"51, Chowdhury Road
Hajipur-427873",laban32@example.com,https://deshmukh-nagy.com/,7575169350,Goda-Mannan,"Pharmacist, hospital",Fugit accusantium quas labore commodi reiciendis odit rerum.,1983-01-07 17:41:46,Palestine,Odisha,Kollam,119314
Maanas Gulati,"50/247, Deep Marg, Bahraich-853882",hemangwarrior@example.com,https://dhillon-mander.com/,04073867193,"Dugar, Varkey and Minhas",Mudlogger,"Facere est ducimus ab. Aliquid ab rerum repudiandae.
Voluptatum quos ratione facilis doloremque. Magnam nulla et magnam error aspernatur. Veritatis quas tenetur nulla.",1986-11-18 03:27:15,Comoros,Bihar,Nellore,410784
Yatan Bhardwaj,"81/920
Patil Chowk, Tiruvottiyur 701745",girik66@example.com,https://behl.com/,00408958615,Ahuja LLC,Herpetologist,Eveniet sit cupiditate asperiores laboriosam temporibus numquam. Culpa corrupti optio mollitia atque nam. Recusandae accusamus illo nemo ea ullam impedit.,2012-06-17 01:35:00,Pakistan,Madhya Pradesh,Rourkela,260410
Advik Dhillon,"H.No. 506, Mallick Ganj, Malegaon 540731",samakshkhatri@example.org,http://www.amble-chaudhry.com/,+912926132989,Anne-Balay,Energy manager,"Doloremque ratione itaque quibusdam quod repellendus. Aperiam consequuntur iure odit.
Nulla molestiae aliquam consequuntur praesentium consequuntur vero.",1976-01-28 23:30:40,Cuba,Arunachal Pradesh,Srinagar,605098
Girik Pandit,"H.No. 115
Madan Path
Raipur 329139",kashvi66@example.org,https://www.balasubramanian.com/,+911300529830,"Morar, Mohan and Misra","Editor, film/video","Quod culpa nemo architecto ut sequi modi. Sint labore animi animi eligendi voluptates eius ipsam.
Expedita distinctio magnam sapiente dicta inventore. Eius unde nostrum nam odit nostrum voluptate.",2004-04-09 16:04:42,Belgium,Goa,Nadiad,347541
Chatura Dewan,"277, Nair Nagar
Bhimavaram 199520",contractorfaras@example.net,https://www.sekhon.com/,4662681877,Garde-Dhillon,"Psychologist, sport and exercise","Nam quidem explicabo praesentium porro. Voluptatem minus molestias qui consectetur labore.
Culpa assumenda a consequuntur atque neque. Enim occaecati mollitia ex.",1983-12-04 06:24:25,Rwanda,Assam,Bhavnagar,688940
Bachittar Kala,"59/378
Mody Chowk, Kollam-831296",nidrasunder@example.org,https://saha.biz/,02989397688,"Parsa, Dar and Kalita",Primary school teacher,"Amet sunt ullam non. Deserunt atque magnam praesentium.
Pariatur praesentium quos iste similique. Voluptas cupiditate magni perferendis saepe. Soluta dolore consectetur voluptates.",1977-05-29 12:21:42,Turkmenistan,Punjab,Muzaffarpur,586282
Widisha Chad,"800
Mangal Road
Kota-018764",amoltiwari@example.com,https://mall.com/,8087486231,Datta-Rajan,Secretary/administrator,Corporis repudiandae id iusto ea. Enim dolorem illum neque. Voluptate atque esse accusantium quibusdam a.,1977-05-20 09:39:28,Laos,Odisha,Aizawl,073552
Sanaya Dewan,"79, Sandhu
Karimnagar 326228",bhavnaranganathan@example.net,http://www.nagar-mittal.biz/,03606381258,Rama Ltd,Barrister's clerk,Repudiandae quibusdam id occaecati rerum ad nihil fugiat. Cum adipisci alias porro ab est eveniet. Eum optio consequatur fugit. Ratione repellendus ad earum dicta id.,1996-06-09 14:46:25,United States,Madhya Pradesh,Raiganj,813824
